date,tavg,tmin,tmax,prcp,snow,wspd,pres,coco,airport,weekday
2020-01-01,22.470446491537473,18.02055442920136,28.18953474622776,5.811821731547101,0.0,7.216910537381267,1018.1664391470373,69.06256101954443,ORD,2
2020-01-02,11.996837145068902,5.190459703515378,17.488838519681025,0.0,0.0,2.3336692576556923,1026.3874486937366,88.95241708323806,ORD,3
2020-01-03,15.456232831738227,10.60341790729019,23.32692007778743,4.359796452263483,0.0,2.926387556036471,1008.8349940913525,67.17474928481167,ORD,4
2020-01-04,19.802450820712103,13.632558284394804,27.43410241546336,0.0,0.0,,1016.5391733645612,20.253459719781304,ORD,5
2020-01-05,14.84578782752998,9.616505697246446,22.557717831892646,0.0,0.0,4.194291645362376,1020.5403260744479,43.69745346117917,ORD,6
2020-01-06,11.823958651455765,6.1772082262792,15.38112575441017,0.0,0.0,3.4227083263720477,1020.5955016095756,86.37370589202791,ORD,0
2020-01-07,18.02082155144304,12.280532533933325,24.212995159388168,0.0,0.0,1.2355121417446195,1020.6075740374094,,ORD,1
2020-01-08,15.881502028811948,12.407008458238073,19.134149022709824,0.0,0.0,3.7174959957408644,1017.4203316799066,44.5668082468089,ORD,2
2020-01-09,16.106558403907616,12.846376902364192,19.34589489079085,7.4223696406776805,0.0,8.036776327228969,1014.9800011746021,7.225170949185943,ORD,3
2020-01-10,17.45146564044938,11.472826603532738,23.651896432796107,0.0,0.0,1.3167219209755618,1011.9422081538174,38.97325670705146,ORD,4
2020-01-11,21.20781686819646,15.16921794064865,27.447421067423285,0.0,0.0,4.870440708998801,1001.8694206603451,62.03817924537378,ORD,5
2020-01-12,19.657800572665455,12.86482688625998,25.339597979948277,0.0,0.0,1.1547077275584172,1014.7214021154456,,ORD,6
2020-01-13,14.266689612533492,7.384489364944682,21.773599667794358,0.0,0.0,1.6432085545928254,1022.5750106482186,16.911600985165805,ORD,0
2020-01-14,14.770744925680159,10.629295449401239,20.5995917772001,0.0,0.0,2.8884634461617296,1017.1606860130147,,ORD,1
2020-01-15,19.10049982267383,11.429998745644358,24.787179014213685,0.0,0.0,4.684688810825532,1007.2899362560106,44.93166720298681,ORD,2
2020-01-16,,11.829578827705404,22.43143263770878,0.0,0.0,0.7614403585523454,1013.8554193200123,71.34880856743337,ORD,3
2020-01-17,21.454719517087963,17.002590390612283,27.763447553328014,0.0,0.0,6.208763890626078,1013.7435000693399,43.8392929774512,ORD,4
2020-01-18,14.604285396134735,,17.996284090711164,0.0,0.0,3.0864893835747624,,7.535857387344006,ORD,5
2020-01-19,28.793611239206292,24.854728636894038,32.23645134882233,0.0,0.0,,1005.2308111275039,69.0234182476475,ORD,6
2020-01-20,23.073927731317024,16.62319831087958,30.748467967506592,13.32066292286088,0.0,1.8368171973915508,1003.4470436145755,65.8884388616355,ORD,0
2020-01-21,17.705624467300304,12.061823038641027,23.206191515451906,0.0,0.0,4.392727904287448,1007.9000628243186,78.90330979834992,ORD,1
2020-01-22,19.123567316531467,11.634991241275864,24.367144982177166,0.0,0.0,4.835195434068179,1008.1724252297406,74.82662051814917,ORD,2
2020-01-23,21.60639004172056,15.222780591985714,28.63926629596716,0.0,0.0,0.6007949231208894,1006.3354930745978,59.6865705734473,ORD,3
2020-01-24,16.704163366801673,8.712082112497376,21.465833774247027,2.9290188944972813,0.0,3.994472805369953,1009.8304159293308,66.61639525691369,ORD,4
2020-01-25,20.82566729531461,16.649374213570212,24.597897653879773,0.0,0.0,5.53311726494658,1014.4611914445607,58.208351310988284,ORD,5
2020-01-26,23.317831064605237,17.696170130617062,30.863725617169514,6.385814675945038,0.0,2.0322285299920577,1015.6725517669167,21.825210687258284,ORD,6
2020-01-27,,10.097098865055838,20.545332110371117,0.0,0.0,2.856537810275366,1011.884012407589,65.8896177281544,ORD,0
2020-01-28,20.41199925398188,13.363626704734083,24.224923551365414,0.11712985026712593,0.0,5.386370427064434,,48.633884579974875,ORD,1
2020-01-29,25.305305081147953,20.763483797302403,32.95715654571779,0.0,0.0,4.610029884742357,,60.59417645424489,ORD,2
2020-01-30,18.4321218571678,13.94839138436209,21.643985310735875,0.0,0.0,,1007.3751240892384,91.11230272951349,ORD,3
2020-01-31,25.15351383617353,20.417454513882063,29.832487431125358,0.0,0.0,0.7184369184417091,1009.7331231050651,34.427115085563834,ORD,4
2020-02-01,,17.629342872185415,26.773445446558195,0.0,0.0,2.598288686055658,1003.8272114337169,55.35865308006686,ORD,5
2020-02-02,20.980693962860638,14.813565788517264,27.384257348120368,,,3.4356249523089617,1014.5955859317392,66.84053396580903,ORD,6
2020-02-03,20.47799175892328,,25.629052780981045,4.62438696818224,0.0,0.8741410881728395,1009.9590166724571,65.88535170124652,ORD,0
2020-02-04,28.097572089328587,20.176458577402297,32.796088047489995,0.0,0.0,3.7278817712417243,,35.23272266425932,ORD,1
2020-02-05,26.39078959485845,20.080119994233677,32.82178712930081,0.0,0.0,4.828378467623523,1021.5122598792701,56.23037244202842,ORD,2
2020-02-06,20.227406393460594,16.81654348885742,23.308829836224756,0.0,0.0,2.236302388161739,1020.2072506276525,,ORD,3
2020-02-07,24.599224108162236,19.13981067982155,30.692709778483373,0.0,0.0,8.427121980816032,1015.2887532281607,41.77031544452005,ORD,4
2020-02-08,20.682202535801473,17.206017738238774,27.978070306601843,7.094031564065926,0.0,9.236689349512915,,78.03069634908962,ORD,5
2020-02-09,,16.18376630580687,24.335540185946318,25.75709826593925,0.0,,1013.492583093554,30.42414854809192,ORD,6
2020-02-10,25.809140705686303,22.467104539715017,31.938161118715826,0.0,0.0,6.706176946658631,1021.559664641179,82.38159889551697,ORD,0
2020-02-11,24.547580015919557,21.10361551571756,31.293703314829283,0.0,0.0,0.3153375558089909,1006.1918925493537,13.31391667454554,ORD,1
2020-02-12,27.84180346687661,23.098992857079043,31.308512059981464,14.180536049826966,0.0,4.457696695297704,1010.6725742296655,73.19853214153761,ORD,2
2020-02-13,24.69640369941824,18.878688936953452,29.332692504726992,0.0,,2.84534122162954,1020.1035739453082,57.58996436118796,ORD,3
2020-02-14,23.805949719719468,16.833029995314345,31.574115970779303,14.646940402102418,0.0,3.5092962573676556,1015.0613438721214,79.54399213061853,ORD,4
2020-02-15,21.477592218152022,17.969688557462558,28.932506236744103,0.0,0.0,4.756762787197462,1009.5224925877632,46.6722292966182,ORD,5
2020-02-16,29.200376615239907,25.803719826414515,36.74723693434526,0.0,,8.059114878849964,1006.6409803524643,18.466508376153275,ORD,6
2020-02-17,24.005407593326215,19.976622004748485,29.940122259124728,0.0,0.0,4.317426834495842,1011.5948456781399,38.529025114744194,ORD,0
2020-02-18,23.979341242931095,18.809379165887023,29.28532239018985,0.0,0.0,3.013258181443331,1011.325476249159,86.57486075306826,ORD,1
2020-02-19,25.43736592949943,17.440450414509723,29.775960552274,0.0,0.0,2.666908469108849,1015.1965412238582,23.906055699617713,ORD,2
2020-02-20,23.912595220826113,18.51303299721161,29.547993043294575,2.779576223983069,0.0,6.196062178108392,1018.9122015012653,41.991712929014575,ORD,3
2020-02-21,27.851998384185936,23.826237234886808,35.35594910376076,19.256969362805506,0.0,3.051761835167771,1019.0991902649102,47.821624829318786,ORD,4
2020-02-22,24.32576323557018,19.641704734947055,,0.0,0.0,0.8989423568311682,1025.8162365031048,76.42275355469683,ORD,5
2020-02-23,25.013823383497286,20.45720860637258,28.38887325184407,5.969123382068089,0.0,2.5072534026470947,1015.6063823170897,35.36051992675822,ORD,6
2020-02-24,21.508089032905822,13.63178838823401,26.047559855569794,0.0,,2.3670223044445344,1014.0390680204467,36.85547717348455,ORD,0
2020-02-25,30.96068830084638,23.141055068914184,37.645235166897265,0.0,0.0,2.0510981892595095,1017.3089953458253,18.18839111762332,ORD,1
2020-02-26,29.048228468309812,22.94043210089078,34.04808875900043,0.0,0.0,0.24765550629210806,1017.1416782301945,35.92816990471215,ORD,2
2020-02-27,30.243040043293465,23.61784120707935,33.55232647039991,0.0,0.0,15.391841298240214,1014.7701685545118,45.67547924239036,ORD,3
2020-02-28,23.864855398644718,17.354791467488887,,0.0,0.0,1.9241712175398156,1016.0790177269023,35.46111972608892,ORD,4
2020-02-29,22.318135288884555,18.802657936396105,29.15280369046891,0.0,0.0,2.5090856455700656,1015.8531416541513,72.2735582896167,ORD,5
2020-03-01,25.69078367656629,20.799499486459418,32.41408262917538,,0.0,1.7668634012758115,1009.5825095522383,68.42207431489847,ORD,6
2020-03-02,24.709534741273163,19.056861483617197,31.765553556642015,0.0,0.0,2.574327145360594,1016.2589935884214,25.466707834440715,ORD,0
2020-03-03,29.204990282611767,25.58422703995224,36.500541484264545,0.0,,3.3586672689766335,1008.7793896034627,29.86611863279523,ORD,1
2020-03-04,,20.965754516141168,34.74019132509907,13.255790579526469,0.0,8.715131780192687,1014.4519924981928,84.55944039505536,ORD,2
2020-03-05,34.63618695600052,26.979383719388732,37.71951244638523,1.8597706693316773,0.0,2.9422369712678025,1011.21988363273,21.194778326531043,ORD,3
2020-03-06,30.6732444651559,26.20093738257809,34.299460037690224,0.0,0.0,6.229467427562216,1012.5200829701752,49.358103710651456,ORD,4
2020-03-07,24.986304374064055,21.13464945252891,28.43754997984392,0.0,0.0,,1010.455244292027,85.29541967583253,ORD,5
2020-03-08,31.38110004444067,24.434686517706876,38.4021444378421,13.207363285536694,0.0,1.5497833243164962,1017.1124326828294,22.685557728403545,ORD,6
2020-03-09,31.611884877372333,28.485269062224063,35.72392954614471,1.3961906660527434,0.0,3.9058216200337323,1007.4198869307394,69.97717798364683,ORD,0
2020-03-10,30.79778245914205,23.980620810091942,38.52330970245336,0.0,0.0,2.156243571604503,1010.4569475001877,63.0972675520875,ORD,1
2020-03-11,25.843400996448207,19.767345325999642,30.24785748483216,0.0,0.0,2.2733927776626195,1011.838776391088,34.77914143947204,ORD,2
2020-03-12,25.408638116335904,18.00105504279061,32.299245770678006,0.0,0.0,7.88029790409815,1008.1654717765125,47.00079973554397,ORD,3
2020-03-13,25.763489009996775,22.584910461991175,31.98301214189363,0.0,0.0,1.9763874382201518,1008.4074396828906,66.39888074398843,ORD,4
2020-03-14,27.90554932306611,19.90601080923201,32.549246831098685,0.0,0.0,,1014.0040057227606,66.44774890023825,ORD,5
2020-03-15,26.42291152346804,21.200327178799732,32.90281108020581,2.7899526469558387,0.0,2.898023607520218,,15.817194653922655,ORD,6
2020-03-16,26.142292624869942,19.255052914802334,32.52989034963409,1.0633382676944634,0.0,6.709993864960867,1014.9195091651068,64.29317272946491,ORD,0
2020-03-17,29.191158599835237,25.670257518852644,33.46224324885529,7.07901018150187,0.0,,1012.7689693790286,80.62336845862106,ORD,1
2020-03-18,30.230782762413796,24.324028451508596,35.562960985477126,0.0,0.0,1.462792374538515,1008.6240426627093,29.57850240700774,ORD,2
2020-03-19,28.553480992899125,22.74113753266035,,0.0,0.0,0.6832605141351464,1007.5337941779319,49.989364006783326,ORD,3
2020-03-20,35.033119742404814,29.67333044084539,,0.0,0.0,4.133060395767761,1012.2754590949183,41.12565430481357,ORD,4
2020-03-21,28.26150255850241,23.43875396696994,32.862255516144295,3.6753131247743536,0.0,4.315171958616437,1022.1962246014505,61.791617100543284,ORD,5
2020-03-22,25.39378099582515,20.961940475064946,33.39269539888227,0.0,,1.6164145924165223,1017.743223811469,44.15460657422543,ORD,6
2020-03-23,29.841833402571783,25.550954825850106,33.232530208702876,0.0,0.0,1.2638183159749958,1013.9612591081933,56.54559496105048,ORD,0
2020-03-24,28.851459425155753,20.935610527183325,32.18128562358857,0.0,0.0,1.2384957447673406,1017.7190859156668,63.523991448014925,ORD,1
2020-03-25,34.07226649753912,29.899976039552065,40.61732868213645,0.0,0.0,1.6831356853477357,1012.3237045994479,84.50040614742022,ORD,2
2020-03-26,30.502901129128837,26.017029274368355,36.453053176186245,0.0,0.0,2.054384081447229,,59.369063104743184,ORD,3
2020-03-27,30.85609747107376,24.289438706045992,37.38201900734285,0.0,0.0,7.512670497731606,1022.2950489411606,61.54242506153212,ORD,4
2020-03-28,29.878466181931284,24.71746413403329,34.70104539719324,4.76479050176018,0.0,5.199928924320421,1016.1527605271691,23.702503838607765,ORD,5
2020-03-29,28.67478043767942,24.740575727737074,36.64581606778595,0.0,0.0,0.2260321120510056,1017.4591416014629,24.441867686964223,ORD,6
2020-03-30,24.573816832565406,20.510948572220013,29.040684477255823,0.0,0.0,,1014.6867121919909,56.853464997323144,ORD,0
2020-03-31,27.12805769399614,21.37625462257525,34.00852935622764,0.9346028240466997,0.0,8.354613524872734,,58.41037664229305,ORD,1
2020-04-01,31.238979032580964,26.259433058237313,36.33163657155959,0.0,0.0,2.6648657119791848,1018.4255627899839,58.35453760849483,ORD,2
2020-04-02,26.33411292448313,20.466778387089967,30.08421052674025,0.0,0.0,5.758257298034043,1010.7927950704257,26.953514216979485,ORD,3
2020-04-03,27.934770310136965,24.934552716331616,33.18168737436001,0.0,,4.9409311660879265,1016.7614993477438,49.707992348653825,ORD,4
2020-04-04,30.108924405877744,23.40796012249689,35.90697755356102,0.0,0.0,,1013.2483081794581,,ORD,5
2020-04-05,29.938119650869787,24.94854172713587,36.61176416722967,0.0,0.0,3.1772505070285053,1009.6441164985971,39.814711532841265,ORD,6
2020-04-06,24.646606293401614,19.65222668557163,30.053363021248124,,0.0,6.210089959075187,1014.8324505553724,36.695373982006444,ORD,0
2020-04-07,26.56794605057029,19.340907614191895,30.003603975819104,0.0,0.0,6.154371292873888,1005.9166147941372,57.21189406826037,ORD,1
2020-04-08,31.822305280958904,26.05816686783338,39.21987722767723,0.0,0.0,6.53977924593024,1012.7375468251918,47.45397979369279,ORD,2
2020-04-09,36.28610151279578,32.097857492033185,40.88421288248669,0.0,0.0,5.79502340748972,1020.6137663867611,65.06130825416516,ORD,3
2020-04-10,29.221583464214717,22.7041057948055,34.69289696613686,0.0,0.0,0.9397369782915629,1009.9586620260028,61.67891042572774,ORD,4
2020-04-11,28.045834202504548,23.58048978595626,35.821466734079216,0.0,0.0,1.8646914680721458,1013.9517446928238,74.17957647645969,ORD,5
2020-04-12,30.68333134491839,25.433899670099702,33.83299485021233,0.0,,,1009.299595764292,55.04415706765412,ORD,6
2020-04-13,33.6366073746242,29.57635412003896,39.51083800674692,0.0,0.0,4.125742930499148,1009.3519093357503,79.52571431723646,ORD,0
2020-04-14,27.644728867933154,22.601958895166195,32.33138116026418,0.0,0.0,9.238696589221222,1016.8879176944852,8.663726107951401,ORD,1
2020-04-15,29.27159107232727,25.830410662599757,36.59699361194296,,0.0,3.5344109402470925,1008.4220011933077,34.40379498467521,ORD,2
2020-04-16,35.94898462025337,29.859901268653466,43.3159981253079,,0.0,7.027679122636026,1011.8159742137155,17.722103594307686,ORD,3
2020-04-17,30.094018496717197,22.92978795451487,36.41556688125074,0.0,0.0,1.972219282186195,1020.3862927017104,43.526582012812355,ORD,4
2020-04-18,32.507144653377956,27.471757842025475,39.113983529947895,0.0,0.0,2.2624337132338974,1012.6404368453877,87.92018487075582,ORD,5
2020-04-19,29.845935887825256,22.72053392299994,35.04055127878369,0.0,0.0,3.7040661710088196,1021.2871788216863,22.712076786968925,ORD,6
2020-04-20,27.599868665045157,23.023621677874083,34.293327203953666,0.0,0.0,6.934416146771135,1010.1471538415691,,ORD,0
2020-04-21,31.779224536951187,26.59846462257983,38.71802009702732,0.0,0.0,4.040666000781209,1005.1413548367425,41.63116475676903,ORD,1
2020-04-22,,27.295193745056473,37.773739228379746,0.0,0.0,5.838993351025314,1009.8144078140144,59.11527339423572,ORD,2
2020-04-23,32.95986772169722,25.031082573354457,36.020885357484595,0.0,0.0,1.927237686933748,1007.8562969997013,63.49041298683573,ORD,3
2020-04-24,24.454792862940423,16.871691872236955,32.18331756515342,0.0,0.0,1.9887685792099157,1019.0339014629734,76.39915487977234,ORD,4
2020-04-25,33.069914143737535,27.631873428306136,37.252693246847954,0.0,0.0,6.676672676812959,1012.973528981089,61.285989121597495,ORD,5
2020-04-26,26.348686365485143,21.55357710611119,34.1845723784526,0.0,0.0,11.607368286081384,1012.6374759551668,8.91258475232653,ORD,6
2020-04-27,31.03369972665326,24.554061411380495,34.5539825614538,0.0,0.0,2.737960157249354,1010.5400856600828,3.916594314177725,ORD,0
2020-04-28,27.90742056116145,23.402884987827782,31.79379057013031,0.0,0.0,1.3950316510908565,1007.4106295895017,27.185985593574603,ORD,1
2020-04-29,35.38395467095707,29.553584606959518,43.31413019302641,0.0,0.0,1.4552514381228345,1016.7170721533988,55.541994859889954,ORD,2
2020-04-30,25.241218884581677,19.081378117657636,30.900948263846768,0.0,0.0,2.149400559175902,1010.7614245121623,8.34457872263101,ORD,3
2020-05-01,,24.171516502123954,34.63934253198894,0.0,0.0,4.35460159809204,1013.0759021788966,64.7885959742436,ORD,4
2020-05-02,22.27801832490856,14.434815023209396,27.584514966083372,0.0,0.0,1.9372679951623943,1008.9303778457531,54.10209211495853,ORD,5
2020-05-03,29.747208858302418,26.312026334587358,35.998140610449525,0.0,0.0,0.5656891874394571,1019.9202108437839,76.11589201301172,ORD,6
2020-05-04,,30.033321055785684,36.599876600812756,0.0,0.0,,1011.4746138659916,74.38072093752356,ORD,0
2020-05-05,24.525267307245358,20.354101162770583,28.795393039059526,0.0,0.0,1.3570439672230608,1019.8168723361152,77.21269194622576,ORD,1
2020-05-06,31.42293660863422,27.135744702943867,35.5339154379377,0.0,0.0,0.7293996109156358,1016.2211111884567,47.04767812913919,ORD,2
2020-05-07,30.822045867564768,23.421546033328116,37.450273838415626,0.0,0.0,5.5203637900916664,1012.4172620532512,32.05845929603969,ORD,3
2020-05-08,25.658060224885293,20.167867138366343,32.044941495981504,,0.0,3.1685252336930096,1013.8008426237476,65.05654104143717,ORD,4
2020-05-09,25.800878423966793,19.571451533196814,33.004462517416385,0.0,0.0,9.01437562282728,1009.3952478030794,76.80636365371942,ORD,5
2020-05-10,24.14902068632747,19.530383562739296,28.179478931136913,0.0,0.0,6.419354513553963,1010.3346761127509,90.39341881962257,ORD,6
2020-05-11,,21.13720063007124,29.101030495917435,0.0,0.0,2.043010892388603,1012.2101150546875,36.647141029137124,ORD,0
2020-05-12,21.517492052464796,14.109883692107683,26.043187002306077,0.0,0.0,4.738562767171929,1015.721784485298,89.09104176969298,ORD,1
2020-05-13,24.311210673151795,19.328197038729485,28.68464108389668,0.0,0.0,3.735817893023404,1008.5511868021324,37.134815043253674,ORD,2
2020-05-14,29.15929242953511,24.832152651454344,34.65284312038907,0.0,0.0,4.989370459874833,1020.299782080307,72.24843457129806,ORD,3
2020-05-15,24.38878369446173,17.084112735347983,28.300543962690213,0.0,0.0,3.2877915446745543,1019.6562045618713,85.35106127099255,ORD,4
2020-05-16,23.701238561873108,16.71867844369905,30.11280759547148,0.0,0.0,0.20238882316024326,1015.0517541672565,31.74042883942676,ORD,5
2020-05-17,28.796944146098514,,33.033344187017605,0.0,0.0,4.3833265866427595,1013.56537869527,89.41151113560886,ORD,6
2020-05-18,22.39922746093677,14.745955963916446,,0.0,0.0,5.474352671143621,1010.7342739752856,55.551631564979196,ORD,0
2020-05-19,26.103446430186228,21.151009032927973,30.000514088700967,0.0,0.0,1.7324680383581692,1011.4299967903321,78.1598067629318,ORD,1
2020-05-20,23.947627642325287,16.688964843799123,30.625110033118162,0.0,0.0,3.4105147732403784,1004.7269831106221,47.06296028439137,ORD,2
2020-05-21,25.79110515191736,19.02953777206809,32.372698359074406,,0.0,19.678061326954026,1018.3408797737812,72.64899844233517,ORD,3
2020-05-22,24.013588620657845,19.213350123084,31.65655202487021,0.0,0.0,3.860015521568585,1011.6487781732435,52.21448748085338,ORD,4
2020-05-23,21.71180245122259,13.802812624445824,27.8378946614575,0.0,,4.251849022131892,1015.0714269049921,43.37534340234442,ORD,5
2020-05-24,25.37003849996226,17.721527399417745,32.032612824334755,0.0,0.0,1.343868065586725,1011.4342898829368,78.30361940955412,ORD,6
2020-05-25,26.672214799485037,21.476060301750813,30.67611237094502,0.0,0.0,2.778191224704844,1010.4865381458818,25.676616165580768,ORD,0
2020-05-26,22.475351852952514,16.22337214814373,28.61047096866178,0.0,0.0,4.835407188874653,1014.060070614183,17.240782645371176,ORD,1
2020-05-27,22.997560786890567,18.74650353477877,26.43053733608786,0.0,0.0,1.6238795593736666,1014.210663075615,37.781458599788586,ORD,2
2020-05-28,,17.567550365395512,25.524517494526748,,0.0,4.52178349832379,1018.9514289784927,26.118180853315863,ORD,3
2020-05-29,23.11601956983753,16.067095238529102,30.356133136955652,0.0,0.0,2.210692289945336,1011.9298338094131,50.97851793639799,ORD,4
2020-05-30,20.095352190147338,12.258920202445204,26.49749755043178,0.0,0.0,4.1764294930113985,1019.4038257492064,,ORD,5
2020-05-31,19.6080842642601,12.822298480681372,25.316605364922033,0.0,0.0,3.7897394298783103,1014.5629653339602,29.12221979161991,ORD,6
2020-06-01,23.22104245903086,19.19026231350577,27.090693272569695,3.4192918260149274,0.0,5.6861466852917015,1010.8102902720672,28.353003945733203,ORD,0
2020-06-02,27.043659721697818,20.34083045189204,34.712115853092186,0.0,0.0,7.754031663593288,1005.9943910389203,22.603246476585923,ORD,1
2020-06-03,21.6347883472466,15.683913862069176,,0.0,0.0,3.676489317796796,1012.3515215162445,29.46870078169328,ORD,2
2020-06-04,29.37245445962178,23.26849833077084,36.26986745427658,2.740164948527215,0.0,5.283998174153001,1017.8000317023894,55.78929971562733,ORD,3
2020-06-05,22.953112407434986,,27.776562111479908,0.0,0.0,1.8427649134505801,1009.082272027767,13.61704448409461,ORD,4
2020-06-06,27.575081776244005,19.97448734357553,33.42071515094105,0.0,0.0,1.132709054331099,1021.7928534100919,41.120098408518416,ORD,5
2020-06-07,,15.478931105905307,22.936879998835558,0.0,0.0,,,70.19044559503463,ORD,6
2020-06-08,20.26062520439185,14.2055113957576,25.895001002126364,0.0,0.0,1.3884309498782093,1007.1378229845163,48.43502067346937,ORD,0
2020-06-09,27.680519727702393,24.27593657292713,34.537171440151376,,0.0,3.378013098759171,,85.59591516567777,ORD,1
2020-06-10,,4.740091207367501,18.674201942681144,0.0,,4.656035930597934,1010.9206908029481,37.3243648475094,ORD,2
2020-06-11,18.15935307444073,11.882975387691374,22.92878670848315,1.3059133052267868,0.0,6.11870949124994,1015.8728248224821,29.979002471802758,ORD,3
2020-06-12,19.712934894719808,15.199148481468463,,0.0,0.0,4.489570127387365,1012.7208766669672,56.61603185611555,ORD,4
2020-06-13,16.876764954987358,13.467449932237171,21.025725382423715,0.0,0.0,4.263738944048462,1016.9887393335257,27.156978958087997,ORD,5
2020-06-14,19.275602514765723,14.149576665935136,,1.9718012881328884,0.0,0.3661336904365258,1015.3376200853047,85.47884466009754,ORD,6
2020-06-15,18.36435607132796,14.338882182800752,21.428568851463403,,0.0,5.082196377551364,1022.3026031349997,35.07062584764055,ORD,0
2020-06-16,19.227017647195666,16.032341134696505,22.819816990426162,0.0,0.0,11.923677546107683,1009.904631208324,67.6426945198744,ORD,1
2020-06-17,16.18050867085588,11.24300485203401,20.01757685454803,0.0,0.0,,997.2332273039631,,ORD,2
2020-06-18,,13.829268398415138,25.96093326456402,0.0,0.0,5.204298895311931,,73.44027050651455,ORD,3
2020-06-19,21.402394112959065,15.638972686262846,25.563163037699397,0.0,0.0,7.4673509385803545,1006.630005868612,71.99502032336645,ORD,4
2020-06-20,19.12679687341404,,26.142133674221107,0.5189447235017051,0.0,7.161704229351681,1011.0219832048441,,ORD,5
2020-06-21,17.23752469829471,13.284037576493349,,0.0,0.0,1.662199124973951,1020.7365208131057,59.32824375511243,ORD,6
2020-06-22,19.308744521525902,12.71104489417743,22.42251308500368,0.0,0.0,5.843850379914394,1011.5578009395821,50.347891738273454,ORD,0
2020-06-23,16.04261038856746,12.45414114821779,19.085453117310436,0.0,0.0,2.501871550610916,1008.1332351197314,62.79588988960864,ORD,1
2020-06-24,17.587306227932384,10.412741287141811,20.714014697349548,0.0,0.0,3.1777778438995026,1007.2600907869097,53.40988136485997,ORD,2
2020-06-25,15.467756577717717,9.124842741738142,21.962222922488117,0.0,0.0,7.0338643557600085,1016.3362012797796,83.98794587987194,ORD,3
2020-06-26,14.928462320957644,6.963030096519207,20.94593591066784,0.0,0.0,9.710757979159721,1017.0581750113157,84.07440457502969,ORD,4
2020-06-27,13.197002208048229,6.962196446458192,18.01602803948041,2.558020062098639,0.0,2.8268871453244127,1011.2135997258205,54.80847718331472,ORD,5
2020-06-28,14.008153447888724,9.605722301957456,21.259592284516206,0.0,0.0,8.101609723756756,1015.6583580562278,20.185388677146747,ORD,6
2020-06-29,16.631251174684753,8.762194295857949,19.769479435309453,0.0,0.0,11.754103269286938,,59.19239940937429,ORD,0
2020-06-30,13.232085922152311,8.189411423458761,17.893741128328905,0.688551763885805,0.0,2.328366239262041,1010.9134807322353,25.27888463460653,ORD,1
2020-07-01,16.9507076094366,10.23227084192178,20.205427081528086,0.0,0.0,0.542004990360759,1009.2730685303877,86.72930784505232,ORD,2
2020-07-02,,14.514851275156783,23.963088869468226,0.14874327049982405,0.0,5.579332033653264,,88.94139663607942,ORD,3
2020-07-03,18.494933961170123,14.33189674103909,25.938325315442775,0.0,0.0,4.10540292858287,1012.8095231658299,48.26841081857505,ORD,4
2020-07-04,12.007413311297714,7.868761497970104,18.014318929923743,,0.0,4.989833719207758,1003.5135611180292,32.6751696490887,ORD,5
2020-07-05,14.464860747522303,9.703597581246338,20.415827695367348,10.178478853261014,0.0,6.8589638955833445,1005.786770898461,73.47374280401522,ORD,6
2020-07-06,15.16809562270457,8.403445648229287,19.304347547538246,1.0213744854994118,0.0,,1012.3277752551411,29.933086699890122,ORD,0
2020-07-07,10.175879597975609,3.9332029173729177,15.671987769481815,0.0,0.0,2.1198351841798453,1015.2251598832042,41.66616809647467,ORD,1
2020-07-08,11.03826097574838,6.940632340008678,16.140803160018503,0.778425097693523,0.0,2.442879636220874,1014.4015545230777,21.174141126403313,ORD,2
2020-07-09,10.376889654646714,4.337700455612433,16.904430593960605,0.0,0.0,2.876707312392876,1017.6911769837398,49.24115163466171,ORD,3
2020-07-10,11.077661218613702,4.9298683065718745,14.831944149864546,0.0,0.0,3.3999132731732296,1011.9398178669551,52.80298774792137,ORD,4
2020-07-11,12.456918626607674,6.864307344555757,15.883999853312973,0.0,0.0,5.3731989590154114,1027.4535593533642,83.19521324430788,ORD,5
2020-07-12,11.661429473835826,6.8027089053506975,19.35634711345023,0.0,0.0,5.583483467080199,1006.067802551825,49.42034764318749,ORD,6
2020-07-13,11.920191626147806,7.523820048123934,19.42141758790866,1.139544242535806,0.0,,1013.1224431123634,27.877143263289543,ORD,0
2020-07-14,11.450653636465912,4.357324286676645,18.87171844040077,0.0,0.0,5.368209921268493,1009.6637030209952,34.43878237709945,ORD,1
2020-07-15,7.070217577217777,-0.47419665173303116,13.485276145537043,,0.0,3.1130086182695256,1012.5705570908649,38.657918590902206,ORD,2
2020-07-16,9.996352636955631,2.63074554285385,13.837957583472837,0.0,0.0,2.965607465091453,1021.429116486191,74.95024681648755,ORD,3
2020-07-17,15.7409564377635,12.695602139392182,21.327552870256646,0.0,0.0,1.3430567222938388,1012.8441964899757,82.2048007230148,ORD,4
2020-07-18,11.051693601736822,6.58501268572401,15.953555539005471,2.1824518371331294,0.0,10.88983666307368,1004.2494543270946,33.418852309007086,ORD,5
2020-07-19,7.816354358278375,2.2440709101193823,12.15743891988458,7.202422708247126,0.0,1.8254469785117966,1013.1131440973893,59.653549127885654,ORD,6
2020-07-20,10.97515634297637,3.377679833781886,16.88187873120033,0.15691091661009043,0.0,4.2112514356264,1014.4755814427044,54.727472275869914,ORD,0
2020-07-21,12.376502443960664,,16.455775377343713,1.6726397762797798,0.0,1.9591099196702064,1010.77359605823,4.253559733369797,ORD,1
2020-07-22,10.047025458465615,3.6867008364631495,14.84312554247508,0.0,0.0,4.246418373930946,1011.8879879924219,21.08799237175972,ORD,2
2020-07-23,11.500907820840851,,17.060221628265225,0.0,0.0,1.920651915125952,1006.5529818654767,,ORD,3
2020-07-24,12.366552640990268,6.490349188334367,19.990125212661574,0.0,0.0,2.858030937721576,1013.5630129844257,43.103267589051754,ORD,4
2020-07-25,8.835893918331873,1.3115936015716043,13.113539985407922,4.652708594762012,0.0,2.9091616743008757,,50.4519211708664,ORD,5
2020-07-26,11.558944887036311,4.173638239494451,19.18326505324908,,0.0,7.713142704857964,1013.4403136097096,52.679980909482474,ORD,6
2020-07-27,12.85359124077863,5.8819829879721635,20.81486406398037,1.7933067581193738,0.0,2.8064465440358815,1013.7688908862718,66.0241235538749,ORD,0
2020-07-28,5.163146966386671,-1.5961243594472183,8.92539711159531,0.0,0.0,9.678030240397808,,63.227908269965525,ORD,1
2020-07-29,10.370267174453696,2.9700631319325366,17.274994918998615,0.0,0.0,3.906357567290148,1011.5966987568214,12.872627174506125,ORD,2
2020-07-30,6.198167812937566,-1.7417334368166282,13.211912076512785,0.0,,2.603133236249125,1014.9472671080246,56.349352491095964,ORD,3
2020-07-31,,2.040581285894599,10.334796549778162,0.0,0.0,11.809868120464973,1022.2621300066967,85.40125766871347,ORD,4
2020-08-01,4.872549709672093,0.9316832869117682,9.199758651669592,0.0,0.0,0.32737127149620154,1012.7803487777767,76.51474280818914,ORD,5
2020-08-02,8.446482064589578,3.313045873521448,14.387208697821261,0.0,0.0,,1004.2578139594144,,ORD,6
2020-08-03,4.819319360181286,-2.4126065640686205,8.722638467044098,0.0,,,1019.3833764207635,61.33610617168744,ORD,0
2020-08-04,5.284503750847077,0.5496135038729841,9.480755741401836,0.02920099661336588,0.0,1.9062122865016118,1017.3566127926213,,ORD,1
2020-08-05,2.4365152626165774,-4.863495037229946,9.017115538897606,0.0,0.0,1.7110058777317037,1001.4788309411226,72.10960789026832,ORD,2
2020-08-06,8.796784622173739,3.001300480130224,14.427423891771014,0.0,0.0,2.1093501503188774,1018.3067885094397,8.35678044969435,ORD,3
2020-08-07,8.505608334247682,4.0601472318626115,13.714971933453889,0.12150566742455075,0.0,0.9105540129003139,1017.2364430283245,83.73184790330258,ORD,4
2020-08-08,7.043659273389121,0.9796702119533549,13.643002993964647,1.618655612558234,0.0,1.42800704224887,1024.3092499535674,61.05255697409567,ORD,5
2020-08-09,6.727464032605517,3.00426929322441,13.04235725620392,,0.0,6.4792823449279355,1006.2409088513781,30.940407829225503,ORD,6
2020-08-10,7.013448241745648,2.788685787621281,13.007156738885442,0.0,0.0,3.21320126755733,1008.9574788662011,20.9297081907741,ORD,0
2020-08-11,6.651720698448591,1.1470940735005017,12.76993549730129,0.0,0.0,3.4272455258707564,1016.0136046821317,26.845436303455323,ORD,1
2020-08-12,7.615606499801315,1.061298291983924,13.141504174004947,0.46352426930521096,0.0,2.7775787093175963,1013.6024843678957,11.684891198647255,ORD,2
2020-08-13,10.380020474644596,3.6919690409780124,14.714482044579285,1.0644242222165619,0.0,3.1261332433012585,1008.6780263243054,30.458692799197685,ORD,3
2020-08-14,12.322546074267807,7.938980243747788,16.473762135843767,0.0,0.0,4.2895636066836875,1004.7329408199137,80.45978447794404,ORD,4
2020-08-15,4.327610326972158,0.8684497328052414,9.469995605238935,7.607684669549572,,2.464859489910802,1021.8699532850778,80.66355118970085,ORD,5
2020-08-16,7.259707761668035,3.3194140698812924,,1.5236775287802893,0.0,2.2909097881910396,1016.6842681757337,77.28486838751033,ORD,6
2020-08-17,3.7547876421017676,-0.8573964131508696,10.591757361339967,0.0,,2.250252798346723,1012.0298450429947,9.712609275889976,ORD,0
2020-08-18,1.6472601509078308,,9.516265519397248,0.0,0.0,2.847198514502163,1009.3585298423291,28.875387414608944,ORD,1
2020-08-19,7.342419946599658,2.8165111190508094,14.111637165976692,0.0,0.0,,1024.6227550016285,35.307423382772456,ORD,2
2020-08-20,1.0175738699228267,-3.4576284696584354,4.0400552243791035,0.0,0.0,3.6334718861940685,1019.3475595252129,63.314172500351,ORD,3
2020-08-21,5.381545372676015,-2.5703158449205272,10.770600853135495,0.0,0.0,0.40136018480864255,1008.250085934808,57.83596060105671,ORD,4
2020-08-22,4.729634433448606,1.276821860004203,11.903656721678207,0.0,0.0,1.2066285529504273,1013.2618997852471,88.15462248646249,ORD,5
2020-08-23,1.7212256796005403,-2.5381422793201582,6.539627392626082,0.0,0.0,2.9520407608686265,1012.4802542998154,35.61634933387742,ORD,6
2020-08-24,5.126838095269501,-1.6783691634404088,12.674952428070743,11.423060068763254,0.0,1.08672057943384,1009.3140606290049,21.335280952464736,ORD,0
2020-08-25,10.771242217542987,6.251461850185661,17.362858635674296,2.446622912804042,0.0,14.867816936943642,1007.8726685791971,65.2365685440075,ORD,1
2020-08-26,2.0104805175025735,-3.422214400646295,8.028486203329376,0.0,0.0,4.818948830648763,1012.0142429420763,83.45656108974036,ORD,2
2020-08-27,,-3.0389013837757037,6.349303547984908,7.577557524796217,0.0,2.796971817504941,1008.6382833408046,36.25487740059502,ORD,3
2020-08-28,5.967418367200792,1.4296923429785329,13.822993982017579,6.17362262792875,0.0,3.115440248598435,1011.6962234169803,65.59249219656992,ORD,4
2020-08-29,10.287726893923766,6.933068884020954,15.583092004436113,0.0,0.0,5.536291300290651,1012.7566559435527,39.4203756790006,ORD,5
2020-08-30,-0.5239976166951674,-4.925188395412511,2.7838622963357493,0.0,0.0,7.0413730191676915,1008.3810656003512,24.163842220271007,ORD,6
2020-08-31,0.2900546255208636,-5.185631206936517,7.917323104486272,1.680398933151865,,1.3291538643013885,1017.26197156407,63.53547376231656,ORD,0
2020-09-01,1.7692602527203891,-3.1673914266383894,9.645497838713041,,0.0,5.786980877035542,1009.0138688290091,68.00576795920466,ORD,1
2020-09-02,6.713145249319874,0.766620411580246,,0.0,0.0,7.161935409268032,,66.34714843120658,ORD,2
2020-09-03,3.3738027782795506,-2.3112730178280385,,0.0,0.0,,1018.2824064076352,19.71322986735509,ORD,3
2020-09-04,1.1997024524771782,-3.830912066441385,,0.0,0.0,3.2868812345550995,1020.1599133881028,,ORD,4
2020-09-05,8.152799005234836,2.8195388110028814,14.4279806481536,,0.0,6.000461521917212,1022.0076424765574,37.4168058979337,ORD,5
2020-09-06,0.1703205806425645,-5.811803427969431,3.2299103598383905,0.0,0.0,2.485772435413502,1017.5654609495742,64.9833470342218,ORD,6
2020-09-07,1.3883546995007416,-6.125158098797306,5.506573075712531,0.0,0.0,3.019158487140196,1009.0320943672622,24.866407871250487,ORD,0
2020-09-08,1.0742443454252326,-4.1241517219256965,7.773505811604254,0.0,0.0,15.455996408184774,1010.8913081045602,38.6838157178746,ORD,1
2020-09-09,-0.7980264645975319,-4.702605349105655,6.34607039801765,0.0,0.0,6.977781993366545,1009.7796605954914,65.8198385112566,ORD,2
2020-09-10,0.9845487076812265,-3.5036361739386903,4.597153874562112,0.0,0.0,1.6544654792429776,1012.489961503481,60.993160249000425,ORD,3
2020-09-11,-4.948645257032785,-10.724168275660904,-0.7253935723760598,0.0,0.0,3.7673416005378497,1015.5906241131479,63.22619565863895,ORD,4
2020-09-12,2.8590307884474,-0.16301435381395235,8.530637680612566,0.0,0.0,5.311153192585482,1014.2239073209631,31.961332700114788,ORD,5
2020-09-13,-0.4939594225107735,-8.406331526324523,5.631128015677445,0.0,0.0,0.3948941996895329,1008.8825987093097,39.163185744600035,ORD,6
2020-09-14,1.3024130268773852,-2.290061635103098,7.8705705876646,0.0,0.0,1.4867330706517468,1012.704118735068,63.99128831139168,ORD,0
2020-09-15,0.4092369791651118,-3.087538562073214,4.962292143089602,0.0,0.0,4.626439229299531,1025.4154650817466,73.84533015958911,ORD,1
2020-09-16,-3.6794901141390355,-8.673775311005496,0.9754848826026654,0.0,0.0,2.576677261272787,1016.7324882898414,85.6954269981947,ORD,2
2020-09-17,-4.369267410663898,-10.436995609888754,2.42779453149147,0.0,0.0,2.2173117215874276,1014.433863066156,47.20671989477108,ORD,3
2020-09-18,2.4595983382381474,-4.261946043410114,9.608087352431635,0.0,0.0,2.0809300016348233,1015.5592410806476,48.48148260726047,ORD,4
2020-09-19,2.105307699022282,-5.252774737111579,7.906478602593275,0.0,0.0,1.60124699209912,1007.6168094039045,32.348783416098556,ORD,5
2020-09-20,2.0428061290881905,-3.776475005534963,5.2623853353953525,0.0,0.0,0.4656276659934656,1020.8946681399846,10.07255568856583,ORD,6
2020-09-21,1.7727534177779956,-5.392212326353459,8.823286939569721,0.0,0.0,3.08946817790901,1016.2964468391833,36.64765426651309,ORD,0
2020-09-22,0.5703905783616721,-6.227915327829316,4.271110381837029,0.0,0.0,4.281065876052567,1022.0537035559161,75.4525750849367,ORD,1
2020-09-23,,-3.1340850552642303,7.433794677892676,0.0,0.0,,1012.8887848548269,37.128262206316265,ORD,2
2020-09-24,-3.5192238426127895,-11.241839980475113,2.2353725641556492,0.0,0.0,1.101951438099537,1017.0644709128778,53.00934522987642,ORD,3
2020-09-25,1.9202575297492135,-5.432913144925271,9.234847401918959,0.0,0.0,0.9070857831964935,1010.5253539731149,70.56909148042152,ORD,4
2020-09-26,-2.3742672756667758,-6.826640942082538,4.109803812668986,0.0,0.0,7.067497069555295,1020.5827054457847,12.368546687109209,ORD,5
2020-09-27,0.610412557476977,-7.059787356110104,6.27910002710521,0.0,0.0,,1010.0834838504715,67.94294498982435,ORD,6
2020-09-28,-4.348967334188404,-10.513140456754769,-0.21776080497630534,0.0,0.0,2.2292595971557865,,72.1184022295477,ORD,0
2020-09-29,-2.7555586974158826,-9.57520723242524,3.6481528310313034,0.0,0.0,1.9057815824464246,1012.9916056012438,3.9655529559274516,ORD,1
2020-09-30,-1.7794769070234384,-6.442608102624201,4.149339572578974,0.0,0.0,0.8098300418597342,1018.3794587888411,88.12875906747252,ORD,2
2020-10-01,5.526113895580515,-0.10769831210045133,13.418705853859631,0.0,0.0,1.7355392163935295,1009.0023882910912,52.012437081059495,ORD,3
2020-10-02,1.779209200056921,-3.3754400817949985,,0.0,0.0,6.203869703460563,1017.4825208492373,39.97339512760069,ORD,4
2020-10-03,-2.561279341557417,-6.938433460940914,5.1217253110525185,0.0,,0.8134556842620122,1006.4385981516871,48.98579292168222,ORD,5
2020-10-04,0.1298417825162889,-4.590473032043798,,0.0,0.0,12.964423367501972,1014.0431589777003,41.21594469349005,ORD,6
2020-10-05,4.752147493291375,-3.191362199745466,7.786819510044663,0.0,0.0,3.2061865867257073,1020.0521452952935,84.99420059902728,ORD,0
2020-10-06,-1.1233932369948354,-7.3977129834193995,6.644495612873423,0.0,0.0,,1012.3739906005035,51.60436374946956,ORD,1
2020-10-07,0.1515318431375844,-4.8378510259000125,3.412402579680811,0.0,0.0,1.5983508128352892,1016.9364863040613,42.230512276600514,ORD,2
2020-10-08,1.501106720586929,-1.613876356441761,8.585211484842816,0.0,0.0,1.8202458998246411,1015.8982867521925,61.257440567330555,ORD,3
2020-10-09,0.7185980635800806,-5.315778124393268,4.108423306339233,0.0,0.0,0.7470421386460946,,30.53114564587574,ORD,4
2020-10-10,2.7392052988451927,-4.465502411143293,8.400581082209204,0.0,0.0,4.598051195120597,1009.6249196093679,73.52139905619995,ORD,5
2020-10-11,-7.405344167783927,-14.190547789973557,-3.1009062899169804,0.0,0.0,3.6385104403540525,1015.7271177654359,8.789432965295017,ORD,6
2020-10-12,-3.4114926230100338,-9.331368859173226,4.056567002575131,0.0,0.0,6.719996406043471,1007.2455198547211,25.241256938576374,ORD,0
2020-10-13,4.33866739439311,0.9768785977369197,12.22719266103062,0.0,0.0,1.5320034393352442,1012.3614088820516,62.59732289961871,ORD,1
2020-10-14,-2.0578055892668763,-9.355641955074226,0.9805367457560799,0.0,0.0,5.019218937639111,1014.2744176583801,89.12667867963854,ORD,2
2020-10-15,0.8591977790472437,-5.992712164103174,7.47064894615532,0.0,0.0,4.140592013653042,1009.6296393551565,43.849303833010964,ORD,3
2020-10-16,-2.361105358515534,-6.644895747631271,3.3168689424290516,0.0,0.0,3.6699484894579557,1013.4439138289763,56.82051039638557,ORD,4
2020-10-17,2.18216015970685,-5.399609887790733,7.749379392468097,0.0,0.0,4.329516081752084,1009.0292289786183,65.78634521550924,ORD,5
2020-10-18,4.3214980402970165,-1.4675476447101259,9.184684069688586,0.0,0.0,0.8443485072850565,1027.7873590764466,20.663930063214075,ORD,6
2020-10-19,-0.8716427406296865,-8.77094688683337,2.3701607451834485,0.0,0.0,2.022876155053754,1011.01599779346,89.3638962086074,ORD,0
2020-10-20,-1.9392663369166891,,3.1242970074751115,0.0,0.0,2.12397346849976,1020.099269609796,36.52429778564558,ORD,1
2020-10-21,2.5108874088718016,-1.8064557305782598,9.886279508037106,0.0,0.0,0.7825854748846186,1015.60716481322,43.303330761701496,ORD,2
2020-10-22,3.5373434331354487,-0.4521848286024013,8.25721978078684,0.0,0.0,1.1282845870615485,1008.0376588215648,39.94990846177172,ORD,3
2020-10-23,3.4364603411391643,-1.4760381572471655,7.424793325542174,0.0,0.0,2.132241999148751,1026.550447917755,14.599932051801142,ORD,4
2020-10-24,3.0862279149743204,-2.1514287571704163,7.87979684406062,0.0,0.0,4.31439797241621,1016.226964245635,22.45500588848998,ORD,5
2020-10-25,-0.6946766381626057,-4.595154285192123,,0.0,0.0,7.283935947245372,1015.778823339191,4.440447620720426,ORD,6
2020-10-26,1.4969337696601592,-3.606467719055856,8.566488806059516,0.0,0.0,3.485306606965299,,31.85998435012171,ORD,0
2020-10-27,1.1167318813084723,-1.9818177535322115,5.2541831095181335,0.0,0.0,1.8684247504208267,1008.8644823751702,75.99080861019576,ORD,1
2020-10-28,2.7781998469061744,-3.87113332587574,8.487284893027875,0.0,0.0,1.0346682845423436,1013.6479500537697,38.54229298537183,ORD,2
2020-10-29,-2.3944865750264146,-8.852578521711328,3.7272861325543385,,0.0,1.4217439665647356,1010.5044571888051,84.84249180028675,ORD,3
2020-10-30,1.800719624703521,-4.103421940908799,5.874716179091203,0.0,0.0,,1013.4600990023149,22.98484106712785,ORD,4
2020-10-31,1.0254054441536427,-4.673457633897115,5.860011142691107,,0.0,1.7081485411435768,1009.2378783720131,70.67779173776181,ORD,5
2020-11-01,,-3.594090122200434,5.288138393561777,0.0,14.888352057152243,3.2380225273971703,1017.8371478737325,45.11706730073907,ORD,6
2020-11-02,2.8835633094876862,-0.7218298338721385,6.808886511679427,0.0,0.0,1.7578730667037084,1017.4404147254739,37.09892873184426,ORD,0
2020-11-03,9.05397054981231,5.52304750516399,,6.301191956568943,0.0,2.1625006087271244,1012.7123036867135,42.92154542627235,ORD,1
2020-11-04,3.0366001739935307,-1.5534367294259308,8.901605418217985,0.0,0.0,3.887241365540819,1020.3455367354695,44.472009928829856,ORD,2
2020-11-05,6.889593118537637,-0.2452015152267757,12.131813966874994,,0.0,5.357727468895299,1008.5878509093635,63.71093568624347,ORD,3
2020-11-06,6.362298547405841,2.6107628023170446,9.495308100077294,7.359263636798895,0.0,1.0496499016620646,1009.9987915381381,70.40373132442012,ORD,4
2020-11-07,-1.9227837237709284,-7.105059860094505,3.4199438752105706,3.092916603211745,0.20586145379410664,7.713603725162819,1011.0501896048412,71.45894798023123,ORD,5
2020-11-08,3.291313567863343,-3.8807557816748584,7.397855852845881,,0.0,2.8995131798583205,1009.4306175259136,9.740990001788632,ORD,6
2020-11-09,2.1094707989122865,-1.0397711793224604,5.691969907167211,0.7385645592374055,0.0,3.0555070500384742,1007.9475560746025,52.73717832115926,ORD,0
2020-11-10,4.465222423654288,0.616616432256818,10.835414804385113,0.0,0.0,6.6403231075700155,1008.3358396628279,42.16692739617154,ORD,1
2020-11-11,1.5274921410833535,-1.6748567324520414,7.460002553679168,,0.6958528861245189,3.7511179478899535,1007.6328339653304,3.519331488272671,ORD,2
2020-11-12,7.072771275414817,1.8189361981653436,14.480112849773175,3.1521565689288966,0.0,4.14587826400226,1002.5199420928889,53.83331020660172,ORD,3
2020-11-13,5.256800480414906,-0.3918719432937259,12.44358717562488,0.0,0.0,1.3267440810624755,1012.6875677836844,64.12356084753397,ORD,4
2020-11-14,0.7385401180236397,-7.0181406608149555,7.841386899767448,0.0,1.0967047720701544,3.8715346174272147,1006.7566281102618,12.199466746258945,ORD,5
2020-11-15,3.0452104358036824,-0.17769422685815117,7.3641411201575675,0.0,0.0,6.155613462901356,1015.7312531220073,9.119677338499283,ORD,6
2020-11-16,5.6220574414482,-0.8571171913557052,9.211598088621654,7.297795083918742,0.0,3.969218015151673,1017.2105871272155,46.79511758595298,ORD,0
2020-11-17,7.0203669714644015,-0.561166165614873,13.086667755042459,0.0,0.0,3.9268749416447166,1010.8085080470574,37.86631967841154,ORD,1
2020-11-18,4.764743459785847,-1.1222388455995196,9.17808407532214,0.0,0.0,7.2788497519028645,1012.6220781462429,32.57256375982806,ORD,2
2020-11-19,2.336118549926401,-0.8002280041918528,7.707063762011559,0.0,0.0,2.8406614289590446,1016.6027097312478,36.480036076959166,ORD,3
2020-11-20,8.828441895345257,3.0788397452638527,12.900721079431637,0.0,0.0,3.460091613426741,1006.8705022207139,79.04532492767207,ORD,4
2020-11-21,1.5299725279300702,-5.39887999232565,7.804197586358068,0.6529040651506802,0.5118486952262364,1.7622588220510058,1002.9958282673525,54.9202227029277,ORD,5
2020-11-22,2.811553261188932,-4.483436696100295,9.725884616443004,0.0,0.0,,1017.6624833280222,68.39318226587145,ORD,6
2020-11-23,2.9994497445582637,,,0.0,0.0,6.841364480170182,1016.0934558218107,59.28387759060505,ORD,0
2020-11-24,4.938867208805272,0.07685371225405202,12.607556175396732,0.0,0.0,2.889016759121443,1020.7618063362718,85.26833567186934,ORD,1
2020-11-25,,0.49714686601138425,13.334134400684263,0.0,0.0,6.676107990149573,1012.1233373412916,86.7240697724617,ORD,2
2020-11-26,9.900688479212846,2.4600454637984157,13.033750515049158,0.0,0.0,,1015.2604880979098,46.36768091692367,ORD,3
2020-11-27,4.547411295019117,0.9159543126595437,8.901129141970674,0.0,0.0,1.2279394744854566,1001.7962175963198,25.83086896979178,ORD,4
2020-11-28,6.757258430655359,0.7085754633352508,11.61926106606191,,0.0,7.780297724755463,1017.2300951406243,42.02429868398312,ORD,5
2020-11-29,9.524895195561658,6.391012007671403,13.385973701749485,12.576860893645632,0.0,3.4039741360114135,1012.2910451320113,59.1345741182479,ORD,6
2020-11-30,1.8761856444727236,-2.9078878613263717,8.266419345942367,0.0,3.738185242724852,3.96842345120736,,36.01287668727035,ORD,0
2020-12-01,4.17502860883612,0.11256157365041375,11.635244065988722,3.557648780722982,,0.7136661233846712,999.6725871738155,69.3705994724207,ORD,1
2020-12-02,11.309160356847093,4.46809058756272,16.228373736285423,7.401342465806541,0.0,7.814288765696315,1011.314741359957,,ORD,2
2020-12-03,4.40063028800073,-3.1873471121431693,9.267532936015913,0.0,0.0,2.5336938569650154,1014.5348092380034,42.23428456629489,ORD,3
2020-12-04,13.440285933986917,9.846482741746676,16.672732732219593,0.0,0.0,,,39.82323320062593,ORD,4
2020-12-05,9.114206072372786,1.9363283810753096,12.543885324187078,2.19821924303755,0.0,,1016.0827513359422,61.273332943521986,ORD,5
2020-12-06,6.0259052450535044,2.7308586801237387,13.304709493576455,8.36118370544336,0.0,1.1315538393113642,1010.3934539356778,49.88262304316136,ORD,6
2020-12-07,4.950928795561326,-1.955950522564546,11.53830664815554,0.0,0.0,0.3932082761099785,1008.0598693748196,85.62869944334098,ORD,0
2020-12-08,10.450362215055314,5.233176683010527,17.190995919703603,0.0,0.0,3.4374889602549508,1002.6121103431724,73.98840335775711,ORD,1
2020-12-09,7.447846049085058,,15.203861532046746,8.217283071504076,0.0,6.464215005942332,1007.6646430356888,75.81632929835584,ORD,2
2020-12-10,7.971563857169684,3.4126485359119956,12.741400355158039,1.2363542485973331,0.0,2.124851729793319,1015.0767207882056,12.756217391877614,ORD,3
2020-12-11,8.713296817249356,2.9146365162064214,12.385137654404424,0.0,0.0,,1011.3640004319434,36.154875927525495,ORD,4
2020-12-12,10.012506691844838,2.9757150756080826,16.865184218696967,0.0,0.0,3.555936439970276,1005.1860045619811,60.616993767701864,ORD,5
2020-12-13,10.328262888783016,5.893157608572549,13.734823825619666,1.4566593319688454,0.0,2.697959347477669,1010.5683986853426,34.76250323445068,ORD,6
2020-12-14,7.56234188550401,0.8787529160676026,11.126380348916388,4.546357551770951,0.0,,1015.2027594046023,56.06015142903057,ORD,0
2020-12-15,9.228906621344386,4.193041858410357,16.34418082047575,,0.0,1.910879952545072,1014.6893643814335,,ORD,1
2020-12-16,9.766791113411898,4.199726016278737,12.923330936176896,0.0,0.0,3.0074525543423056,1019.233600530033,75.70086182894492,ORD,2
2020-12-17,10.05501227491886,,14.792872698033428,4.5593745522944005,0.0,6.813014339003027,1013.2606446472661,55.76717116986407,ORD,3
2020-12-18,9.67462749230373,5.840646987087002,13.4035545481239,0.0,0.0,5.087815146455288,1012.117241574695,25.31904815154232,ORD,4
2020-12-19,12.501448256015843,8.411082514405816,17.91088373573582,2.539596594894264,0.0,3.035780326339878,1012.9133168861001,56.86033082966452,ORD,5
2020-12-20,14.153839922528961,8.01885753907881,21.463285137900613,,0.0,3.561258295131666,,15.137695495448197,ORD,6
2020-12-21,8.89339300123562,5.652393056172369,13.149851493120385,0.0,0.0,10.083006229783233,,83.62292859067125,ORD,0
2020-12-22,7.4227028050570585,0.4701549184352176,14.006767107731976,0.0,0.0,2.971039265543737,1012.1028450374616,77.48608610522037,ORD,1
2020-12-23,11.460913548322656,5.710175146691373,17.535524513274808,,0.0,1.3633636128855795,1013.1003777045795,16.87866160931615,ORD,2
2020-12-24,18.277307206959957,10.371118883382028,23.39548134030123,0.0,0.0,6.580620094167759,1011.1166286363614,27.306632637167926,ORD,3
2020-12-25,15.358445359797898,11.321201111757002,21.204705496459347,0.0,0.0,0.28786004250557273,1007.5086971595465,42.79443755548345,ORD,4
2020-12-26,7.6885169352532525,1.6004988801807167,12.313058724059056,0.0,0.0,4.349343130691945,1003.19711588615,77.88772865478114,ORD,5
2020-12-27,12.914235795828777,7.984738613556326,19.963757357711902,0.0,0.0,0.7040519522271532,1014.1646451471047,31.218645296450546,ORD,6
2020-12-28,12.580395209037622,6.340851365032063,19.683893439400997,0.0,0.0,4.190261541063146,1011.9849772705317,18.58416497963562,ORD,0
2020-12-29,13.136159707155379,7.096144783071507,18.98982036757024,0.0,0.0,,1013.0424981706245,33.522687564980494,ORD,1
2020-12-30,14.802633948988744,7.139059894070655,20.758475694281515,13.691322567164052,0.0,4.042081063574618,1004.9690666911782,48.12154397835459,ORD,2
2020-12-31,24.531568747876847,16.78549805322383,27.885057168219788,1.9388605845582734,0.0,6.908927794013528,1011.3352364799614,79.24441541722753,ORD,3
